timestamp,temperature,humidity,wind_speed,pressure,rain_mm,rained
2025-01-01 00:00:00,25.1,65.7,3.3,1009.9,0.0,0
2025-01-01 01:00:00,23.6,69.8,5.1,1011.7,0.0,0
2025-01-01 02:00:00,24.7,63.8,3.1,1006.6,0.0,0
2025-01-01 03:00:00,24.8,65.1,3.9,1007.8,0.0,0
2025-01-01 04:00:00,22.5,79.3,2.9,1008.6,3.1,1
2025-01-01 05:00:00,23.4,,2.7,1012.2,0.0,0
2025-01-01 06:00:00,25.0,64.9,1.8,1010.4,0.0,0
2025-01-01 07:00:00,25.2,75.3,3.6,1011.2,3.6,1
2025-01-01 08:00:00,26.2,78.2,1.7,1008.3,0.0,0
2025-01-01 09:00:00,26.3,60.3,4.0,1008.3,0.0,0
2025-01-01 10:00:00,28.5,62.0,4.6,1010.7,0.0,0
2025-01-01 11:00:00,29.1,63.4,3.5,1010.1,0.0,0
2025-01-01 12:00:00,29.2,67.7,2.6,1010.8,0.0,0
2025-01-01 13:00:00,30.5,55.9,3.7,1009.7,0.0,0
2025-01-01 14:00:00,30.3,58.2,2.5,1010.4,0.0,0
2025-01-01 15:00:00,29.3,62.1,4.4,1010.2,0.0,0
2025-01-01 16:00:00,30.2,60.9,0.3,1011.2,0.0,0
2025-01-01 17:00:00,28.8,58.3,2.5,1011.2,0.0,0
2025-01-01 18:00:00,29.8,60.2,0.0,1007.6,0.0,0
2025-01-01 19:00:00,28.5,56.5,0.8,1006.6,0.0,0
2025-01-01 20:00:00,27.6,62.5,5.0,1011.5,0.0,0
2025-01-01 21:00:00,26.5,63.9,4.3,1011.8,0.0,0
2025-01-01 22:00:00,27.2,67.5,1.9,1008.5,0.0,0
2025-01-01 23:00:00,25.4,65.8,0.7,1007.2,0.0,0
2025-01-02 00:00:00,24.5,71.1,1.4,1010.1,0.0,0
2025-01-02 01:00:00,24.1,74.2,2.2,1011.4,5.4,1
2025-01-02 02:00:00,24.5,71.4,6.6,1012.7,0.0,0
2025-01-02 03:00:00,24.3,72.4,3.7,1010.8,0.0,0
2025-01-02 04:00:00,24.4,71.0,2.2,1009.4,0.0,0
2025-01-02 05:00:00,24.7,70.2,3.7,1008.7,0.0,0
2025-01-02 06:00:00,26.6,66.4,0.7,1010.0,0.0,0
2025-01-02 07:00:00,25.2,69.3,2.6,1009.6,0.0,0
2025-01-02 08:00:00,25.8,66.2,3.1,1008.5,0.0,0
2025-01-02 09:00:00,26.3,73.4,2.9,1013.1,0.0,0
2025-01-02 10:00:00,28.3,69.7,4.2,1012.7,0.0,0
2025-01-02 11:00:00,29.4,63.5,3.5,1011.7,0.0,0
2025-01-02 12:00:00,29.0,57.7,4.0,1008.6,0.0,0
2025-01-02 13:00:00,28.9,55.4,2.0,1011.3,0.0,0
2025-01-02 14:00:00,29.2,64.0,4.3,1011.0,0.0,0
2025-01-02 15:00:00,30.5,60.1,5.4,1010.7,0.0,0
2025-01-02 16:00:00,30.5,,1.5,1011.9,0.0,0
2025-01-02 17:00:00,30.0,52.8,1.7,1011.0,0.0,0
2025-01-02 18:00:00,28.6,64.5,5.0,1011.1,0.0,0
2025-01-02 19:00:00,28.7,63.8,2.7,1011.0,0.0,0
2025-01-02 20:00:00,27.9,59.0,5.1,1010.5,0.0,0
2025-01-02 21:00:00,27.2,63.1,2.3,1007.3,0.0,0
2025-01-02 22:00:00,26.9,67.6,5.2,1010.1,0.0,0
2025-01-02 23:00:00,25.7,68.2,3.2,1009.2,0.9,1
2025-01-03 00:00:00,25.4,68.1,3.4,1008.1,0.0,0
2025-01-03 01:00:00,24.5,69.8,5.3,1012.5,0.0,0
2025-01-03 02:00:00,24.3,69.8,2.5,1012.6,0.0,0
2025-01-03 03:00:00,24.5,71.6,1.6,1012.0,1.9,1
2025-01-03 04:00:00,22.9,76.7,2.3,1010.4,0.0,0
2025-01-03 05:00:00,24.1,59.9,3.7,1012.0,0.0,0
2025-01-03 06:00:00,24.5,68.3,0.7,1010.0,0.0,0
2025-01-03 07:00:00,25.0,68.7,4.0,1010.3,0.0,0
2025-01-03 08:00:00,26.0,67.7,2.2,1008.4,0.0,0
2025-01-03 09:00:00,28.2,63.5,4.7,1010.6,0.0,0
2025-01-03 10:00:00,27.1,56.4,0.6,1010.1,0.0,0
2025-01-03 11:00:00,29.3,63.3,1.8,1008.0,0.0,0
2025-01-03 12:00:00,27.8,67.7,0.5,1009.9,0.0,0
2025-01-03 13:00:00,29.3,53.7,1.8,1009.9,0.0,0
2025-01-03 14:00:00,30.0,62.7,3.4,1012.7,0.0,0
2025-01-03 15:00:00,30.5,57.7,2.7,1011.3,0.0,0
2025-01-03 16:00:00,30.5,59.0,2.6,1010.0,0.0,0
2025-01-03 17:00:00,30.2,55.6,2.8,1010.4,0.0,0
2025-01-03 18:00:00,28.8,59.4,3.3,1010.1,0.0,0
2025-01-03 19:00:00,28.1,67.2,1.5,1009.7,0.0,0
2025-01-03 20:00:00,28.5,65.8,4.1,1008.4,0.0,0
2025-01-03 21:00:00,26.8,71.9,4.0,1009.8,0.0,0
2025-01-03 22:00:00,25.2,71.3,3.6,1008.9,0.0,0
2025-01-03 23:00:00,24.6,69.8,3.8,1008.1,0.0,0
2025-01-04 00:00:00,24.1,76.2,3.4,1010.8,0.0,0
2025-01-04 01:00:00,24.8,72.0,6.1,1010.6,0.0,0
2025-01-04 02:00:00,24.2,74.1,2.9,1007.3,0.0,0
2025-01-04 03:00:00,24.6,69.8,2.5,1009.8,2.1,1
2025-01-04 04:00:00,23.8,71.1,1.9,1011.5,0.0,0
2025-01-04 05:00:00,24.5,67.4,1.5,1011.6,0.0,0
2025-01-04 06:00:00,25.4,73.2,1.1,1011.5,0.0,0
2025-01-04 07:00:00,25.3,63.3,1.7,1010.1,0.0,0
2025-01-04 08:00:00,26.6,69.7,2.9,1008.7,0.0,0
2025-01-04 09:00:00,26.5,64.2,3.5,1008.4,0.0,0
2025-01-04 10:00:00,27.5,68.1,3.1,1010.5,0.0,0
2025-01-04 11:00:00,28.2,65.0,1.9,1010.6,0.0,0
2025-01-04 12:00:00,28.2,68.0,4.4,1011.9,0.0,0
2025-01-04 13:00:00,30.0,62.7,4.1,1011.6,0.0,0
2025-01-04 14:00:00,29.5,52.9,2.8,1009.8,0.0,0
2025-01-04 15:00:00,30.0,58.7,2.0,1008.1,0.0,0
2025-01-04 16:00:00,30.3,54.5,3.8,1009.5,0.0,0
2025-01-04 17:00:00,30.0,57.7,3.3,1010.3,0.0,0
2025-01-04 18:00:00,29.7,66.8,0.8,1009.7,0.0,0
2025-01-04 19:00:00,28.4,64.6,2.9,1009.1,0.0,0
2025-01-04 20:00:00,27.4,60.7,3.4,1010.4,0.0,0
2025-01-04 21:00:00,26.9,60.9,1.7,1009.2,0.0,0
2025-01-04 22:00:00,24.9,66.7,3.3,1009.1,0.0,0
2025-01-04 23:00:00,24.3,63.1,0.8,1010.5,0.0,0
2025-01-05 00:00:00,23.8,66.6,5.0,1009.4,0.0,0
2025-01-05 01:00:00,23.6,71.4,4.9,1010.4,0.0,0
2025-01-05 02:00:00,24.4,75.4,2.6,1010.4,0.0,0
2025-01-05 03:00:00,23.3,73.4,3.5,1008.3,0.0,0
2025-01-05 04:00:00,23.8,,0.6,1009.3,0.0,0
2025-01-05 05:00:00,25.4,71.4,1.3,1012.2,0.0,0
2025-01-05 06:00:00,24.6,69.5,2.6,1008.3,0.0,0
2025-01-05 07:00:00,26.1,69.7,1.4,1006.8,0.0,0
2025-01-05 08:00:00,25.5,73.0,4.1,1007.2,0.0,0
2025-01-05 09:00:00,26.8,56.7,6.0,1010.0,0.0,0
2025-01-05 10:00:00,27.0,61.1,1.2,1010.0,0.0,0
2025-01-05 11:00:00,28.2,64.4,1.7,1009.8,3.8,1
2025-01-05 12:00:00,29.8,54.4,3.4,1011.8,0.0,0
2025-01-05 13:00:00,28.2,65.7,5.4,1006.0,0.0,0
2025-01-05 14:00:00,30.2,60.7,1.2,1010.6,0.0,0
2025-01-05 15:00:00,30.2,62.4,3.4,1012.3,0.0,0
2025-01-05 16:00:00,29.4,56.9,5.7,1008.3,0.0,0
2025-01-05 17:00:00,28.4,63.1,0.5,1009.4,0.0,0
2025-01-05 18:00:00,29.2,65.0,1.1,1008.9,0.0,0
2025-01-05 19:00:00,28.1,62.9,2.4,1008.7,0.0,0
2025-01-05 20:00:00,28.0,64.4,2.2,1009.5,0.0,0
2025-01-05 21:00:00,27.0,66.1,4.2,1012.1,0.0,0
2025-01-05 22:00:00,27.5,63.1,3.4,1012.8,0.0,0
2025-01-05 23:00:00,25.3,67.4,0.3,1009.5,0.0,0
2025-01-06 00:00:00,24.1,68.6,3.8,1012.9,0.0,0
2025-01-06 01:00:00,24.5,71.7,2.1,1010.1,0.0,0
2025-01-06 02:00:00,24.3,74.8,4.9,1012.6,3.2,1
2025-01-06 03:00:00,25.1,66.8,2.1,1009.9,0.0,0
2025-01-06 04:00:00,24.8,70.3,2.0,1010.2,0.0,0
2025-01-06 05:00:00,24.7,76.1,3.8,1010.5,0.0,0
2025-01-06 06:00:00,26.0,66.3,4.1,1014.8,0.0,0
2025-01-06 07:00:00,24.5,64.7,3.7,1011.3,0.0,0
2025-01-06 08:00:00,25.7,67.4,0.5,1008.9,0.0,0
2025-01-06 09:00:00,26.3,68.4,3.8,1011.5,0.0,0
2025-01-06 10:00:00,27.5,63.5,1.4,1009.5,0.0,0
2025-01-06 11:00:00,27.4,67.3,3.4,1009.3,0.0,0
2025-01-06 12:00:00,29.6,64.2,0.9,1011.4,0.0,0
2025-01-06 13:00:00,29.4,63.2,3.7,1010.0,0.0,0
2025-01-06 14:00:00,28.7,61.4,1.8,1010.4,0.0,0
2025-01-06 15:00:00,29.2,68.3,1.1,1010.0,0.0,0
2025-01-06 16:00:00,30.1,58.4,4.1,1010.5,0.0,0
2025-01-06 17:00:00,30.3,51.8,3.4,1010.6,0.0,0
2025-01-06 18:00:00,30.7,67.2,2.1,1007.1,0.0,0
2025-01-06 19:00:00,30.8,60.2,5.2,1011.0,0.0,0
2025-01-06 20:00:00,28.1,63.9,2.3,1008.5,0.0,0
2025-01-06 21:00:00,26.2,70.2,3.0,1007.8,0.0,0
2025-01-06 22:00:00,24.5,60.1,3.4,1009.9,0.0,0
2025-01-06 23:00:00,25.7,63.0,2.1,1010.1,0.0,0
2025-01-07 00:00:00,24.2,62.8,3.7,1009.0,0.0,0
2025-01-07 01:00:00,24.1,67.0,2.2,1011.2,0.0,0
2025-01-07 02:00:00,23.6,72.6,2.4,1008.0,0.0,0
2025-01-07 03:00:00,23.9,73.1,5.0,1009.4,0.0,0
2025-01-07 04:00:00,25.0,71.9,1.4,1009.1,0.0,0
2025-01-07 05:00:00,24.5,64.5,0.6,1009.9,0.0,0
2025-01-07 06:00:00,24.8,60.0,5.4,1010.4,0.0,0
2025-01-07 07:00:00,24.7,68.2,6.8,1008.5,0.0,0
2025-01-07 08:00:00,24.9,64.7,2.4,1011.1,0.0,0
2025-01-07 09:00:00,26.6,66.8,0.1,1010.1,0.0,0
2025-01-07 10:00:00,27.7,66.3,2.5,1007.2,0.0,0
2025-01-07 11:00:00,29.9,62.6,2.6,1007.1,0.0,0
2025-01-07 12:00:00,29.2,63.8,2.7,1010.0,0.0,0
2025-01-07 13:00:00,30.4,60.7,1.3,1009.7,0.0,0
2025-01-07 14:00:00,29.5,61.3,3.9,1009.8,0.0,0
2025-01-07 15:00:00,29.1,56.2,3.8,1010.0,0.0,0
2025-01-07 16:00:00,29.1,58.5,0.8,1010.3,0.0,0
2025-01-07 17:00:00,29.0,60.6,4.0,1011.4,0.0,0
2025-01-07 18:00:00,30.8,64.0,6.1,1008.3,7.7,1
2025-01-07 19:00:00,27.8,60.4,3.3,1008.2,0.0,0
2025-01-07 20:00:00,28.4,65.5,2.5,1008.4,0.6,1
2025-01-07 21:00:00,26.3,63.9,2.8,1010.4,0.0,0
2025-01-07 22:00:00,27.0,66.1,3.9,1011.9,0.0,0
2025-01-07 23:00:00,25.8,71.3,0.4,1009.4,0.7,1
2025-01-08 00:00:00,24.8,61.3,3.2,1006.2,0.0,0
2025-01-08 01:00:00,24.4,65.0,2.4,1007.4,0.0,0
2025-01-08 02:00:00,23.6,64.9,5.8,1008.8,0.0,0
2025-01-08 03:00:00,24.4,61.7,2.7,1009.2,0.0,0
2025-01-08 04:00:00,23.7,68.1,5.5,1009.4,0.0,0
2025-01-08 05:00:00,23.4,73.2,1.3,1010.1,0.0,0
2025-01-08 06:00:00,23.9,68.1,3.9,1009.5,0.0,0
2025-01-08 07:00:00,25.6,68.8,3.5,1011.6,0.0,0
2025-01-08 08:00:00,27.5,70.9,1.7,1009.0,5.2,1
2025-01-08 09:00:00,27.1,70.3,3.3,1008.7,0.0,0
2025-01-08 10:00:00,27.7,63.2,4.8,1010.7,0.0,0
2025-01-08 11:00:00,28.7,67.4,2.5,1007.7,0.0,0
2025-01-08 12:00:00,30.2,61.1,0.5,1010.6,0.0,0
2025-01-08 13:00:00,29.8,56.5,3.0,1010.2,0.0,0
2025-01-08 14:00:00,29.6,56.8,1.6,1009.8,0.0,0
2025-01-08 15:00:00,30.9,53.1,2.5,1012.4,0.0,0
2025-01-08 16:00:00,30.2,55.7,2.9,1009.1,0.0,0
2025-01-08 17:00:00,30.8,58.4,0.4,1013.1,0.0,0
2025-01-08 18:00:00,29.3,64.0,0.6,1009.7,0.0,0
2025-01-08 19:00:00,27.5,68.9,3.7,1008.1,0.0,0
2025-01-08 20:00:00,26.7,57.9,2.2,1010.1,0.0,0
2025-01-08 21:00:00,28.3,66.6,0.8,1008.4,2.3,1
2025-01-08 22:00:00,27.6,62.4,4.2,1008.9,0.0,0
2025-01-08 23:00:00,25.4,69.9,3.4,1010.6,0.0,0
2025-01-09 00:00:00,24.6,68.7,1.9,1010.8,0.0,0
2025-01-09 01:00:00,25.6,62.9,1.0,1009.1,0.0,0
2025-01-09 02:00:00,23.2,74.5,4.3,1011.5,0.0,0
2025-01-09 03:00:00,23.3,68.6,3.5,1011.7,0.0,0
2025-01-09 04:00:00,24.6,68.7,6.6,1012.2,0.0,0
2025-01-09 05:00:00,24.1,65.9,3.6,1010.8,0.0,0
2025-01-09 06:00:00,24.9,66.6,3.6,1012.0,0.0,0
2025-01-09 07:00:00,25.4,69.7,2.7,1007.2,0.0,0
2025-01-09 08:00:00,26.5,65.8,4.2,1009.5,0.0,0
2025-01-09 09:00:00,28.1,66.3,3.9,1008.7,0.0,0
2025-01-09 10:00:00,27.8,64.9,4.9,1010.2,0.0,0
2025-01-09 11:00:00,29.0,67.3,2.2,1009.1,0.0,0
2025-01-09 12:00:00,27.5,59.4,2.3,1009.8,0.0,0
2025-01-09 13:00:00,29.6,53.9,2.3,1012.8,0.0,0
2025-01-09 14:00:00,29.2,63.5,4.2,1009.7,0.0,0
2025-01-09 15:00:00,29.0,57.7,5.2,1010.6,0.0,0
2025-01-09 16:00:00,29.2,63.7,2.3,1009.7,0.0,0
2025-01-09 17:00:00,29.3,61.3,2.4,1010.1,0.0,0
2025-01-09 18:00:00,29.9,60.2,3.5,1010.0,0.0,0
2025-01-09 19:00:00,27.4,63.4,2.6,1010.7,0.0,0
2025-01-09 20:00:00,27.8,71.3,4.4,1011.7,2.2,1
2025-01-09 21:00:00,26.6,73.3,0.4,1012.5,0.0,0
2025-01-09 22:00:00,26.0,66.8,1.8,1010.5,0.0,0
2025-01-09 23:00:00,26.3,68.6,1.8,1010.9,0.0,0
2025-01-10 00:00:00,25.3,73.5,0.5,1008.3,0.0,0
2025-01-10 01:00:00,25.5,66.8,1.6,1009.9,0.0,0
2025-01-10 02:00:00,24.0,72.1,1.6,1011.4,0.0,0
2025-01-10 03:00:00,23.4,70.9,2.7,1011.3,0.0,0
2025-01-10 04:00:00,23.9,72.1,4.7,1010.3,0.0,0
2025-01-10 05:00:00,24.6,66.9,2.6,1011.3,0.0,0
2025-01-10 06:00:00,25.0,62.9,1.5,1010.7,0.0,0
2025-01-10 07:00:00,24.6,59.7,2.9,1011.8,0.0,0
2025-01-10 08:00:00,26.3,62.1,4.6,1010.4,0.0,0
2025-01-10 09:00:00,27.2,63.2,1.5,1009.5,0.0,0
2025-01-10 10:00:00,29.8,62.3,1.6,1010.5,0.0,0
2025-01-10 11:00:00,30.0,69.7,3.8,1005.6,0.5,1
2025-01-10 12:00:00,28.4,65.2,2.7,1010.6,0.0,0
2025-01-10 13:00:00,29.4,56.0,4.0,1004.5,0.0,0
2025-01-10 14:00:00,28.7,60.6,3.0,1007.4,0.0,0
2025-01-10 15:00:00,29.5,57.4,4.1,1010.7,0.0,0
2025-01-10 16:00:00,30.2,58.1,1.4,1010.7,0.0,0
2025-01-10 17:00:00,30.6,60.5,3.0,1008.3,0.0,0
2025-01-10 18:00:00,28.5,63.2,2.7,1008.9,0.0,0
2025-01-10 19:00:00,28.0,60.6,1.2,1012.1,0.0,0
2025-01-10 20:00:00,26.1,67.7,0.7,1009.3,2.8,1
2025-01-10 21:00:00,26.9,60.4,4.0,1013.4,0.0,0
2025-01-10 22:00:00,25.4,66.6,2.5,1010.0,0.0,0
2025-01-10 23:00:00,25.1,78.4,1.5,1010.6,0.0,0
